208991850,https://github.com/Hardeepcoder/LaraSix,Hardeepcoder,2019-09-17T07:50:02Z
208990763,https://github.com/mirakl/magento-seller-connector,mirakl,2019-09-17T07:44:53Z
208991292,https://github.com/maioradv/qapla,maioradv,2019-09-17T07:47:21Z
208989792,https://github.com/M4-CP/Admidio-Accounting,M4-CP,2019-09-17T07:39:56Z
208989588,https://github.com/ONEMYX/PHP-PinYinSort,ONEMYX,2019-09-17T07:38:44Z
208990363,https://github.com/Kikiruidenis/Product-Inventory,Kikiruidenis,2019-09-17T07:43:01Z
208992599,https://github.com/NamakuRio/olshop,NamakuRio,2019-09-17T07:53:22Z
208982131,https://github.com/yayanheeh/heros,yayanheeh,2019-09-17T07:00:47Z
208992727,https://github.com/najlakirin02/sportforyou,najlakirin02,2019-09-17T07:53:49Z
208985713,https://github.com/SummerPassion/Footprint,SummerPassion,2019-09-17T07:18:54Z
208993648,https://github.com/degle123/tp,degle123,2019-09-17T07:58:14Z
208990144,https://github.com/georgewahba/Whats-your-name-eb972b5d,georgewahba,2019-09-17T07:41:48Z
208985988,https://github.com/sinhdofootball/project,sinhdofootball,2019-09-17T07:20:20Z
208982435,https://github.com/Itxshakiil/Laravel-Shop-App,Itxshakiil,2019-09-17T07:02:17Z
208984630,https://github.com/shanbiswas/laravel-ecommerce,shanbiswas,2019-09-17T07:13:38Z
208983923,https://github.com/martinriviere/greenness,martinriviere,2019-09-17T07:10:07Z
208990854,https://github.com/MonikaBurek/MotywDobryPasterz,MonikaBurek,2019-09-17T07:45:24Z
208988490,https://github.com/template-interop/universal,template-interop,2019-09-17T07:33:07Z
208993694,https://github.com/wuguimanyou/Membership_managements,wuguimanyou,2019-09-17T07:58:29Z
208992850,https://github.com/woodlsy/phalcon,woodlsy,2019-09-17T07:54:33Z
208986399,https://github.com/viciousrascl/Errorlog,viciousrascl,2019-09-17T07:22:15Z
208992937,https://github.com/mohammadi-hr/Inventory-Management-System,mohammadi-hr,2019-09-17T07:55:00Z
208993500,https://github.com/wickeddd3/NPI-ATS,wickeddd3,2019-09-17T07:57:30Z
208983349,https://github.com/sacred845/api_db,sacred845,2019-09-17T07:07:00Z
208985729,https://github.com/Balalonks/sms_api,Balalonks,2019-09-17T07:19:00Z
208986637,https://github.com/Kikiruidenis/Real-Estate,Kikiruidenis,2019-09-17T07:23:23Z
208984562,https://github.com/L200170001/PWD,L200170001,2019-09-17T07:13:16Z
208986963,https://github.com/OceboStudio/magville,OceboStudio,2019-09-17T07:25:14Z
208983125,https://github.com/NathanD19/AWS_EC2_PhotoUploader,NathanD19,2019-09-17T07:05:52Z
208990110,https://github.com/aubreyyu2929/Brisbane-reading-spots,aubreyyu2929,2019-09-17T07:41:36Z
208990213,https://github.com/arshiyan/Change-Sender-Name,arshiyan,2019-09-17T07:42:12Z
208984236,https://github.com/wutangclanfamilyman/Telegram_Callback,wutangclanfamilyman,2019-09-17T07:11:43Z
208984581,https://github.com/aymankader/pdo-sql01,aymankader,2019-09-17T07:13:22Z
208983034,https://github.com/dinhvankhang/vlixlandingpage,dinhvankhang,2019-09-17T07:05:22Z
208983966,https://github.com/web-stars/Web-Stars-php-forum,web-stars,2019-09-17T07:10:20Z
208988243,https://github.com/bidcms/coin,bidcms,2019-09-17T07:31:55Z
208986986,https://github.com/Hotaru24/projet-my-green-city---wcs-nantes-groupe-3,Hotaru24,2019-09-17T07:25:22Z
208983014,https://github.com/danigore/asgard,danigore,2019-09-17T07:05:14Z
208989564,https://github.com/template-interop/middleware,template-interop,2019-09-17T07:38:37Z
208984593,https://github.com/webmasterproxy-media/module_dolibarr_zapier,webmasterproxy-media,2019-09-17T07:13:27Z
208983863,https://github.com/tayue/rediscode,tayue,2019-09-17T07:09:44Z
208987146,https://github.com/jackobwu/lumen-chanjuan,jackobwu,2019-09-17T07:26:17Z
208990590,https://github.com/seyidaniels/laravel-remita-mandate-repayment,seyidaniels,2019-09-17T07:44:07Z
208991708,https://github.com/Vincentdam/Llibres,Vincentdam,2019-09-17T07:49:24Z
208993371,https://github.com/heyu007/service_common_sms_class,heyu007,2019-09-17T07:56:55Z
208988447,https://github.com/jpmadrigal07/Basic-PDO-Form,jpmadrigal07,2019-09-17T07:32:53Z
208989238,https://github.com/smithymx67/MVC-Template,smithymx67,2019-09-17T07:36:58Z
208982936,https://github.com/ZoeSj/algorithm_with_diff_lg,ZoeSj,2019-09-17T07:04:48Z
208985463,https://github.com/vivalamovie/wp-mini-maintenance,vivalamovie,2019-09-17T07:17:49Z
208984653,https://github.com/L200170011/PWD,L200170011,2019-09-17T07:13:45Z
208988553,https://github.com/CorentinRegnier/composte,CorentinRegnier,2019-09-17T07:33:31Z
208992779,https://github.com/Amar2050/AmarSocialNetWorkV7,Amar2050,2019-09-17T07:54:06Z
208989669,https://github.com/FunnyFig/swoole_retrier,FunnyFig,2019-09-17T07:39:11Z
208988188,https://github.com/seyidaniels/laravel-africa-is-talking-USSD,seyidaniels,2019-09-17T07:31:42Z
208982315,https://github.com/Coder-Mehedi/Learn-With-Hasin-Hayder-Plugin-Development-,Coder-Mehedi,2019-09-17T07:01:44Z
208992811,https://github.com/GGFD44/KPD4024,GGFD44,2019-09-17T07:54:21Z
208991498,https://github.com/dcs-university-of-jaffna/FYD,dcs-university-of-jaffna,2019-09-17T07:48:14Z
208991225,https://github.com/wickeddd3/NPI-POS,wickeddd3,2019-09-17T07:47:02Z
208992665,https://github.com/sapiet/profiler,sapiet,2019-09-17T07:53:35Z
208984428,https://github.com/Gamble-Site/dev-build,Gamble-Site,2019-09-17T07:12:40Z
208985011,https://github.com/jonathan1055/devel,jonathan1055,2019-09-17T07:15:36Z
208989462,https://github.com/kartikabhidesai/assuretsnew,kartikabhidesai,2019-09-17T07:38:10Z
208985563,https://github.com/mribera-erre2web/SocialProvider-ESL,mribera-erre2web,2019-09-17T07:18:11Z
208984266,https://github.com/seyidaniels/laravel-search-engine,seyidaniels,2019-09-17T07:11:52Z
208989746,https://github.com/bernadettescano/mymx,bernadettescano,2019-09-17T07:39:40Z
208986153,https://github.com/Hawkeye-hf/news,Hawkeye-hf,2019-09-17T07:21:02Z
208989949,https://github.com/MonikaBurek/BlogOChemii,MonikaBurek,2019-09-17T07:40:43Z
208990950,https://github.com/dev-ahmed91/event_plugin,dev-ahmed91,2019-09-17T07:45:49Z
208992880,https://github.com/iTarik/Tablica-mnozenja,iTarik,2019-09-17T07:54:40Z
208982383,https://github.com/kamil445/eskaGO-Hack-v1.0,kamil445,2019-09-17T07:02:03Z
208985174,https://github.com/eFrederic67/project-1,eFrederic67,2019-09-17T07:16:26Z
208984413,https://github.com/L200170016/PWD,L200170016,2019-09-17T07:12:35Z
208983118,https://github.com/giorgosstab/gtsaxrelias,giorgosstab,2019-09-17T07:05:50Z
208985758,https://github.com/pearkrub/superich,pearkrub,2019-09-17T07:19:08Z
208990109,https://github.com/vnverma/IRONRODSCODE,vnverma,2019-09-17T07:41:35Z
208992405,https://github.com/mengting999/blog,mengting999,2019-09-17T07:52:27Z
208986581,https://github.com/LoiBui/Tomorroland-saml-test,LoiBui,2019-09-17T07:23:08Z
208988740,https://github.com/PonasVoras/PHPprojects,PonasVoras,2019-09-17T07:34:25Z
208992533,https://github.com/SergioMorenoAntequera/DAW2,SergioMorenoAntequera,2019-09-17T07:53:01Z
208987950,https://github.com/pimplesushant/passport-custom-claims,pimplesushant,2019-09-17T07:30:27Z
208986775,https://github.com/tdenys/ppe3_debele,tdenys,2019-09-17T07:24:12Z
208986578,https://github.com/sumansaurabh001/todo-list,sumansaurabh001,2019-09-17T07:23:07Z