114106478,https://github.com/OscarYuen/go-graphql-starter,OscarYuen,2017-12-13T10:22:40Z
114106615,https://github.com/openfaas/faas-swarm,openfaas,2017-12-13T10:24:07Z
114107140,https://github.com/ncw/make_test_files,ncw,2017-12-13T10:29:17Z
114108586,https://github.com/VolticFroogo/Learning,VolticFroogo,2017-12-13T10:43:10Z
114106192,https://github.com/lflxp/server,lflxp,2017-12-13T10:19:34Z
114105278,https://github.com/CloudVPS/xmas-api,CloudVPS,2017-12-13T10:10:04Z
114107974,https://github.com/ranpunzzal/ranatorrent,ranpunzzal,2017-12-13T10:37:24Z
114107633,https://github.com/1backend-test/asdasdasd,1backend-test,2017-12-13T10:33:59Z
114105052,https://github.com/yusubond/go_deep,yusubond,2017-12-13T10:07:52Z
114106090,https://github.com/diedsmiling/unused-json-keys-scanner,diedsmiling,2017-12-13T10:18:32Z
114106101,https://github.com/lflxp/client,lflxp,2017-12-13T10:18:36Z
114104427,https://github.com/woflramite/book-oo,woflramite,2017-12-13T10:01:42Z
114109058,https://github.com/JoeButler99/GoThoth,JoeButler99,2017-12-13T10:47:55Z
114107232,https://github.com/Warashi/lintdiff,Warashi,2017-12-13T10:30:12Z