142648648,https://github.com/sagarankoliya/realtime-private-chat-nodejs-socketio-vuejs-laravel,sagarankoliya,2018-07-28T05:08:03Z
142648734,https://github.com/gabrielmath/teste_menu_infinito,gabrielmath,2018-07-28T05:09:46Z
142649397,https://github.com/nitsan-technologies/ns_news_comments,nitsan-technologies,2018-07-28T05:22:14Z
142645382,https://github.com/Atnic/laravel-email-verfication,Atnic,2018-07-28T04:03:01Z
142645740,https://github.com/iamvps007/php_rss,iamvps007,2018-07-28T04:09:38Z
142651227,https://github.com/pengconguser/swoole,pengconguser,2018-07-28T05:55:46Z
142650396,https://github.com/indpurvesh/abhi,indpurvesh,2018-07-28T05:41:14Z
142649822,https://github.com/aniketsjagtap/GoatFarmManager,aniketsjagtap,2018-07-28T05:30:54Z
142650687,https://github.com/aliawadh980/state_machine,aliawadh980,2018-07-28T05:46:27Z
142645387,https://github.com/Litextension/oxideshop-to-bigcommerce-migration,Litextension,2018-07-28T04:03:04Z
142647638,https://github.com/dereklim12/PigeonsDispatch,dereklim12,2018-07-28T04:47:14Z
142649394,https://github.com/SultanSagi/choco-csv-task,SultanSagi,2018-07-28T05:22:11Z
142648037,https://github.com/Litextension/sparkpay-to-bigcommerce-migration,Litextension,2018-07-28T04:55:42Z
142650170,https://github.com/edwinencomienda/laravel-demo,edwinencomienda,2018-07-28T05:37:16Z
142649033,https://github.com/cun507/helper,cun507,2018-07-28T05:14:35Z
142649157,https://github.com/ashish6329/lolz.github.io,ashish6329,2018-07-28T05:17:07Z
142647269,https://github.com/satrobit/pd_organizations,satrobit,2018-07-28T04:40:25Z
142646147,https://github.com/Litextension/pinnaclecart-to-bigcommerce-migration,Litextension,2018-07-28T04:18:57Z
142647474,https://github.com/marijoyyaun/yaun,marijoyyaun,2018-07-28T04:44:38Z
142646927,https://github.com/elreyjonel/gelig,elreyjonel,2018-07-28T04:33:41Z
142645460,https://github.com/saumya-pm/pdf,saumya-pm,2018-07-28T04:04:34Z
142648355,https://github.com/yuanyblf/zentaopms,yuanyblf,2018-07-28T05:02:20Z
142649958,https://github.com/endyendy/php,endyendy,2018-07-28T05:33:12Z
142647290,https://github.com/hefish/cloudflare-ddns,hefish,2018-07-28T04:40:44Z
142646122,https://github.com/jniyaz/eCommerce-system,jniyaz,2018-07-28T04:18:21Z
142650164,https://github.com/Geniemax/eagle,Geniemax,2018-07-28T05:37:08Z
142649494,https://github.com/nitsan-technologies/ns_youtube,nitsan-technologies,2018-07-28T05:24:33Z
142651411,https://github.com/shakthikumar90/new-siam-git,shakthikumar90,2018-07-28T05:59:09Z
142651234,https://github.com/vatraiadarsh/core-php-custom-MVC-,vatraiadarsh,2018-07-28T05:55:58Z
142650542,https://github.com/JorgeLVM7/FV,JorgeLVM7,2018-07-28T05:43:39Z
142650580,https://github.com/eduardosacra/simple-grud,eduardosacra,2018-07-28T05:44:23Z
142646209,https://github.com/artemijeka/php_exercises,artemijeka,2018-07-28T04:20:34Z
142649936,https://github.com/Janasidhu/gitsetup,Janasidhu,2018-07-28T05:32:51Z
142645882,https://github.com/nafistiham/Website-for-crowd-sourcing,nafistiham,2018-07-28T04:12:58Z
142647709,https://github.com/prasetyaputraa/SOLID-one-at-a-time,prasetyaputraa,2018-07-28T04:48:32Z
142647477,https://github.com/ntminh2712/DISM-WADP,ntminh2712,2018-07-28T04:44:41Z
142647091,https://github.com/sanjaysureshmv/ansible,sanjaysureshmv,2018-07-28T04:36:51Z
142646434,https://github.com/minami14/NameGenerator,minami14,2018-07-28T04:24:09Z
142646060,https://github.com/Reviilo/cms-php,Reviilo,2018-07-28T04:16:51Z
142650009,https://github.com/arturhayne/bookApp,arturhayne,2018-07-28T05:34:10Z
142648191,https://github.com/sanjayc123/Laravel5.5-AjaxAuth,sanjayc123,2018-07-28T04:58:59Z
142647586,https://github.com/sanjayc123/Laravel5.5-CRUD,sanjayc123,2018-07-28T04:46:23Z
142645487,https://github.com/grigoriidev/cms-Human-,grigoriidev,2018-07-28T04:05:10Z
142651324,https://github.com/dwalldev01/truedit,dwalldev01,2018-07-28T05:57:29Z
142647186,https://github.com/sreeram514/php-hello-world,sreeram514,2018-07-28T04:38:32Z
142648084,https://github.com/phpxtreme/shop,phpxtreme,2018-07-28T04:56:50Z
142648101,https://github.com/ali125/blog,ali125,2018-07-28T04:57:19Z
142645471,https://github.com/atulthaware13/php-vali,atulthaware13,2018-07-28T04:04:47Z
142649804,https://github.com/stephyros/firstgit,stephyros,2018-07-28T05:30:26Z
142647852,https://github.com/Litextension/shopify-to-bigcommerce-migration,Litextension,2018-07-28T04:51:36Z
142649800,https://github.com/mnatarajmca/phpmyadmin,mnatarajmca,2018-07-28T05:30:22Z
142647245,https://github.com/michikay/michelle,michikay,2018-07-28T04:39:52Z
142650953,https://github.com/NagrajuT/Github,NagrajuT,2018-07-28T05:51:05Z
142646754,https://github.com/giankocr/WCSJCR-Certificate,giankocr,2018-07-28T04:30:49Z
142650203,https://github.com/mragib/Ragiblog,mragib,2018-07-28T05:38:00Z
142649513,https://github.com/Codevopers/hongtah,Codevopers,2018-07-28T05:24:51Z
142645344,https://github.com/lixiaojian159/jianshu,lixiaojian159,2018-07-28T04:02:04Z
142645350,https://github.com/lovelak/prs,lovelak,2018-07-28T04:02:08Z
142647480,https://github.com/sanjeevpunj/oceanwp-child,sanjeevpunj,2018-07-28T04:44:42Z
142645428,https://github.com/tuananh230399/ASM_28_7,tuananh230399,2018-07-28T04:03:51Z
142649646,https://github.com/ravisharmaa/collection,ravisharmaa,2018-07-28T05:27:38Z
142650383,https://github.com/ThatZiv/webpanel,ThatZiv,2018-07-28T05:41:02Z
142651294,https://github.com/AntoineChed/ocGit,AntoineChed,2018-07-28T05:57:12Z
142647035,https://github.com/b3n10/blog-using-custom-php-framework,b3n10,2018-07-28T04:35:50Z
142647084,https://github.com/Ritsu1021/testfile,Ritsu1021,2018-07-28T04:36:42Z
142646605,https://github.com/Litextension/prestashop-to-bigcommerce,Litextension,2018-07-28T04:27:54Z
142647041,https://github.com/jaiveleza/WebAppActivities,jaiveleza,2018-07-28T04:36:01Z
142646320,https://github.com/capteinn/perpus,capteinn,2018-07-28T04:22:27Z
142645810,https://github.com/robinsonteixeira/projetoy,robinsonteixeira,2018-07-28T04:11:18Z