257429668,https://github.com/kbhuynh/CS-4750-Pokedex,kbhuynh,2020-04-20T23:37:54Z
257420051,https://github.com/Brrraddy/web-tech-lab3-,Brrraddy,2020-04-20T22:37:45Z
257418763,https://github.com/silverstripe/silverstripe-search-service,silverstripe,2020-04-20T22:29:44Z
257419909,https://github.com/etobi/docker-nsupdate,etobi,2020-04-20T22:36:55Z
257428992,https://github.com/oskonnikov/Larapizza,oskonnikov,2020-04-20T23:33:45Z
257425980,https://github.com/KuKo-G/Openlab_doucovaci_portal,KuKo-G,2020-04-20T23:13:58Z
257432121,https://github.com/karimFiroz/ecommerce-v1.2,karimFiroz,2020-04-20T23:50:45Z
257416326,https://github.com/Xaobin/applusxvn1,Xaobin,2020-04-20T22:15:12Z
257432475,https://github.com/atsuya-koshida/php_study,atsuya-koshida,2020-04-20T23:52:20Z
257418110,https://github.com/All-iz-doG/Drupal,All-iz-doG,2020-04-20T22:25:35Z
257432759,https://github.com/afragen/add-cpt-featured-image-wprm,afragen,2020-04-20T23:53:31Z
257422851,https://github.com/alexknipper/papillon-uploads,alexknipper,2020-04-20T22:54:45Z
257432971,https://github.com/andresfabianguerrero/no-drive-days,andresfabianguerrero,2020-04-20T23:54:29Z
257414841,https://github.com/RafiouSitou90/symfony-create-twig-tag,RafiouSitou90,2020-04-20T22:06:25Z
257415652,https://github.com/gracer2112/Site_JTB,gracer2112,2020-04-20T22:11:18Z
257424523,https://github.com/SGZoey/Jackpot,SGZoey,2020-04-20T23:05:08Z
257417234,https://github.com/Alejandro4444/test-reina,Alejandro4444,2020-04-20T22:20:36Z
257430148,https://github.com/dingledorf/graphem,dingledorf,2020-04-20T23:40:38Z
257416586,https://github.com/bbaga/buildkite-php-guzzle-client,bbaga,2020-04-20T22:16:27Z
257418628,https://github.com/ismatBabirli/sample-project,ismatBabirli,2020-04-20T22:28:53Z
257417606,https://github.com/bbaga/buildkite-php-http-interface,bbaga,2020-04-20T22:22:36Z
257424388,https://github.com/igolovic/restoran-muzej,igolovic,2020-04-20T23:04:19Z
257425749,https://github.com/Amontiel2020/maxitelnovo,Amontiel2020,2020-04-20T23:12:24Z
257424138,https://github.com/estrategasdigitales/demotiened,estrategasdigitales,2020-04-20T23:02:36Z
257432569,https://github.com/jorgeluis009/Cybersecurity-Frontend,jorgeluis009,2020-04-20T23:52:45Z
257428808,https://github.com/ejerzain/sistemaInventario,ejerzain,2020-04-20T23:32:34Z
257423932,https://github.com/multimedianj/glossary-alphabetical-index-without-accent,multimedianj,2020-04-20T23:01:22Z
257422189,https://github.com/alejandra1210/Api,alejandra1210,2020-04-20T22:50:34Z
257426570,https://github.com/30024380/COMP_6210_Assignment_1,30024380,2020-04-20T23:17:51Z
257426170,https://github.com/yohan1152/moviles-3-api-task,yohan1152,2020-04-20T23:15:09Z
257432328,https://github.com/wrightkhlebisol/lara-blog,wrightkhlebisol,2020-04-20T23:51:38Z
257415063,https://github.com/EllenDourado/goldsstore,EllenDourado,2020-04-20T22:07:38Z
257420354,https://github.com/chris36zl3/snacksCR,chris36zl3,2020-04-20T22:39:38Z
257429532,https://github.com/MartinL3dl/WP-01-08,MartinL3dl,2020-04-20T23:37:06Z
257421305,https://github.com/kevinjhappy/jvm-events-intranet,kevinjhappy,2020-04-20T22:45:10Z
257421737,https://github.com/12march/Loan-management,12march,2020-04-20T22:47:54Z
257432081,https://github.com/antoniojunior98/myorm,antoniojunior98,2020-04-20T23:50:36Z
257416245,https://github.com/jgallegos30/4330FinalProject,jgallegos30,2020-04-20T22:14:46Z
257419228,https://github.com/gracer2112/CadViagem,gracer2112,2020-04-20T22:33:00Z
257416884,https://github.com/fabiopili/trkplt,fabiopili,2020-04-20T22:18:22Z
257428972,https://github.com/satouyuuki/event-app-php,satouyuuki,2020-04-20T23:33:38Z
257427433,https://github.com/igolovic/personal-web-ig,igolovic,2020-04-20T23:23:23Z
257422794,https://github.com/felkeM/gmu-form-assembly-module,felkeM,2020-04-20T22:54:25Z
257430960,https://github.com/yaqbick/laravel-auth,yaqbick,2020-04-20T23:45:16Z
257424066,https://github.com/torika2/newTravelGui,torika2,2020-04-20T23:02:12Z
257424957,https://github.com/josuemalonga/-AKH,josuemalonga,2020-04-20T23:07:44Z
257420948,https://github.com/rawbeartoe0330/kasero,rawbeartoe0330,2020-04-20T22:43:05Z
257420273,https://github.com/catsoap/csv2json,catsoap,2020-04-20T22:39:06Z
257415227,https://github.com/lvasavong/ClusterException,lvasavong,2020-04-20T22:08:44Z
257428103,https://github.com/cppis/parrot,cppis,2020-04-20T23:27:51Z
257419647,https://github.com/AndreiaFullStack/HD-BLEND-PHP-2020,AndreiaFullStack,2020-04-20T22:35:30Z
257421388,https://github.com/townba/etude,townba,2020-04-20T22:45:38Z
257414879,https://github.com/kerasai/container-aware,kerasai,2020-04-20T22:06:38Z
257415505,https://github.com/tghp/wp-composer-clean,tghp,2020-04-20T22:10:27Z
257423802,https://github.com/pmpro-composer/pmpro-add-name-to-checkout,pmpro-composer,2020-04-20T23:00:33Z
257415235,https://github.com/fryntiz/wordpress-api-posts,fryntiz,2020-04-20T22:08:46Z
257415828,https://github.com/lriccombene/fei2020,lriccombene,2020-04-20T22:12:18Z
257414859,https://github.com/designcise/bitframe-renderer,designcise,2020-04-20T22:06:29Z
257424896,https://github.com/Kwang-min/web,Kwang-min,2020-04-20T23:07:23Z
257422891,https://github.com/sitayebsofiane/gestion_resto_symfony_react,sitayebsofiane,2020-04-20T22:54:58Z
257424688,https://github.com/pmpro-composer/pmpro-strong-passwords,pmpro-composer,2020-04-20T23:06:02Z
257423480,https://github.com/LearnWithHasinHayder/lwhh-dbal-examples,LearnWithHasinHayder,2020-04-20T22:58:37Z
257423607,https://github.com/nicogaget/upload,nicogaget,2020-04-20T22:59:26Z
257425245,https://github.com/viviRbi/php_file,viviRbi,2020-04-20T23:09:27Z
257423305,https://github.com/jirkavrba/folding-stats-api,jirkavrba,2020-04-20T22:57:25Z
257420085,https://github.com/gudduarnav/japbmi.in,gudduarnav,2020-04-20T22:38:00Z
257430325,https://github.com/YnievesDotNet/adminpanel,YnievesDotNet,2020-04-20T23:41:37Z
257419921,https://github.com/Partizan-LERO/symfony-start,Partizan-LERO,2020-04-20T22:37:00Z
257420639,https://github.com/gulzarc5/kala_20,gulzarc5,2020-04-20T22:41:09Z
257423733,https://github.com/Abderrahim5/projet-PHP,Abderrahim5,2020-04-20T23:00:09Z
257426433,https://github.com/javierpedrozaing/formulario-reporte,javierpedrozaing,2020-04-20T23:16:48Z
257431980,https://github.com/ikhsannugs/sosial-media,ikhsannugs,2020-04-20T23:50:07Z
257424972,https://github.com/Curso-de-Laravel-do-Jeff/bambam-crawler,Curso-de-Laravel-do-Jeff,2020-04-20T23:07:49Z
257430051,https://github.com/bangadam/ppdb_online_uas_prak_web,bangadam,2020-04-20T23:40:02Z
257425246,https://github.com/Tama4an/XMLShop,Tama4an,2020-04-20T23:09:28Z
257423002,https://github.com/HoleCat/Contabilidad,HoleCat,2020-04-20T22:55:38Z
257426293,https://github.com/phanvantan73/curriculum-vitae,phanvantan73,2020-04-20T23:15:53Z
257426383,https://github.com/igolovic/udruga-goli-otok,igolovic,2020-04-20T23:16:32Z
257419876,https://github.com/alexmaruyama/abertura_chamadas,alexmaruyama,2020-04-20T22:36:46Z
257425692,https://github.com/tomerangel/ValenteirWebsite,tomerangel,2020-04-20T23:12:04Z
257429432,https://github.com/Deadpikle/charitas-lite-child-theme,Deadpikle,2020-04-20T23:36:30Z
257424703,https://github.com/dr-matt-smith/symfony5-chess-date-status,dr-matt-smith,2020-04-20T23:06:09Z
257416725,https://github.com/ioughttoworkharderandsmarter/sitemap-generator,ioughttoworkharderandsmarter,2020-04-20T22:17:20Z
257426121,https://github.com/mathbloise/laravel7x-sanctum,mathbloise,2020-04-20T23:14:54Z
257423720,https://github.com/pmpro-composer/pmpro-pay-by-check,pmpro-composer,2020-04-20T23:00:05Z
257430580,https://github.com/YnievesDotNet/adminpanel-hooks,YnievesDotNet,2020-04-20T23:43:13Z
257415410,https://github.com/Jyu2Jr6/katwibo,Jyu2Jr6,2020-04-20T22:09:52Z
257424373,https://github.com/SNaziruAhmad/BVN-Validator-PHP,SNaziruAhmad,2020-04-20T23:04:14Z
257432693,https://github.com/henryleeworld/laravel-chinese-text-segmentation,henryleeworld,2020-04-20T23:53:16Z
257419698,https://github.com/emersis-team/emersis_back,emersis-team,2020-04-20T22:35:47Z
257426661,https://github.com/WingsOfRogallo/WORWebsite,WingsOfRogallo,2020-04-20T23:18:26Z
257428768,https://github.com/loctx21/schedule,loctx21,2020-04-20T23:32:19Z