40465124,https://github.com/sindresorhus/filter-obj,sindresorhus,2015-08-10T05:42:04Z
40465421,https://github.com/jarsbe/redux-isomorphic-example,jarsbe,2015-08-10T05:50:33Z
40465590,https://github.com/leweaver/generator-apiblueprint,leweaver,2015-08-10T05:55:03Z
40464569,https://github.com/poppinlp/js-api-generator,poppinlp,2015-08-10T05:22:17Z
40465535,https://github.com/oleksii-honchar/emmofret,oleksii-honchar,2015-08-10T05:53:37Z
40465248,https://github.com/ralam/Enginestarter,ralam,2015-08-10T05:45:57Z
40464593,https://github.com/alxundr/ngsoundcloud,alxundr,2015-08-10T05:22:53Z
40464757,https://github.com/eqiuno/fc,eqiuno,2015-08-10T05:29:09Z
40464797,https://github.com/AstroCB/Whack-A-Student,AstroCB,2015-08-10T05:30:36Z
40465658,https://github.com/shenxl/60hours,shenxl,2015-08-10T05:57:22Z
40463979,https://github.com/jaxbot/tesla-cpo-history,jaxbot,2015-08-10T05:01:09Z
40465416,https://github.com/natereinhardt/EOS,natereinhardt,2015-08-10T05:50:26Z
40464501,https://github.com/hurricanepkt/GruntMyProject,hurricanepkt,2015-08-10T05:20:01Z
40463990,https://github.com/diagramatics/phonegap-todo,diagramatics,2015-08-10T05:01:27Z
40464227,https://github.com/nilimakhambalkar/myGrid-version2,nilimakhambalkar,2015-08-10T05:09:33Z
40464720,https://github.com/billyxs/bb-exercise,billyxs,2015-08-10T05:27:20Z
40464448,https://github.com/akhilcacharya/roadwatch,akhilcacharya,2015-08-10T05:18:22Z
40464429,https://github.com/brandon932/js-auto-shop,brandon932,2015-08-10T05:17:13Z
40464050,https://github.com/jlee1771/Pickup-Basketball-Stats,jlee1771,2015-08-10T05:03:05Z
40464077,https://github.com/zhangweis/cmd-gen,zhangweis,2015-08-10T05:04:10Z
40465186,https://github.com/wangwkCode/git_test,wangwkCode,2015-08-10T05:44:05Z
40465141,https://github.com/iknowcss/broccoli-build,iknowcss,2015-08-10T05:42:44Z
40464919,https://github.com/thejoshcrawford/wod-scrape,thejoshcrawford,2015-08-10T05:34:37Z
40464274,https://github.com/maxschram/webspinr,maxschram,2015-08-10T05:11:14Z
40465286,https://github.com/kyxer/coding,kyxer,2015-08-10T05:47:12Z
40464548,https://github.com/evturn/generator-faraday,evturn,2015-08-10T05:21:40Z
40464969,https://github.com/marcwieland95/litbx,marcwieland95,2015-08-10T05:36:12Z
40465125,https://github.com/Danzeer/beecloud-nodejs-dev,Danzeer,2015-08-10T05:42:06Z
40464365,https://github.com/emccosky/Snakebyte-Website,emccosky,2015-08-10T05:14:50Z
40465689,https://github.com/diliburong/demo2048,diliburong,2015-08-10T05:58:22Z
40464929,https://github.com/Gobliip/tracker-ui,Gobliip,2015-08-10T05:34:50Z
40465728,https://github.com/demchenko-anatoliy/html-boilerplate,demchenko-anatoliy,2015-08-10T05:59:46Z
40464302,https://github.com/ErisMik/erismik.github.io,ErisMik,2015-08-10T05:12:06Z
40464486,https://github.com/NoahYarian/node-multiplayer,NoahYarian,2015-08-10T05:19:16Z
40464896,https://github.com/shubhamg/catalyst,shubhamg,2015-08-10T05:33:58Z
40464061,https://github.com/ship-components/ship-components-banner,ship-components,2015-08-10T05:03:33Z
40465599,https://github.com/shouvikbhuiyan1990/star-pattern,shouvikbhuiyan1990,2015-08-10T05:55:25Z
40464787,https://github.com/hujunwei/PersonInfo,hujunwei,2015-08-10T05:30:17Z
40464835,https://github.com/thejoshcrawford/crossfit-for-hunger,thejoshcrawford,2015-08-10T05:32:01Z
40465379,https://github.com/AlejandroOrdonez/quiz3,AlejandroOrdonez,2015-08-10T05:49:48Z
40463944,https://github.com/DitongDing/RelationshipDiscovery,DitongDing,2015-08-10T05:00:12Z
40464554,https://github.com/MatthewReece/Javascript_Basic_MapReduce,MatthewReece,2015-08-10T05:21:49Z
40464853,https://github.com/liuhl001/tt20150810,liuhl001,2015-08-10T05:32:29Z
40464989,https://github.com/pengloo53/LibrarySystem,pengloo53,2015-08-10T05:37:02Z
40464278,https://github.com/weiserman/BoilerPlateMVC,weiserman,2015-08-10T05:11:21Z
40465138,https://github.com/bluecitymoon/coupons,bluecitymoon,2015-08-10T05:42:37Z
40465273,https://github.com/brandon932/js-loops-part2,brandon932,2015-08-10T05:46:37Z
40465705,https://github.com/nikkios/SignalRChat,nikkios,2015-08-10T05:58:54Z
40465146,https://github.com/LukeWinikates/frabjuous,LukeWinikates,2015-08-10T05:42:50Z
40465188,https://github.com/initials/dive,initials,2015-08-10T05:44:09Z
40464277,https://github.com/jalapagos/Meteor-AngularJS-Twitter,jalapagos,2015-08-10T05:11:18Z
40464530,https://github.com/sr-wisptools-vivek/microscope,sr-wisptools-vivek,2015-08-10T05:20:58Z
40464957,https://github.com/pradeepui25/Angularloginregister,pradeepui25,2015-08-10T05:35:49Z
40464816,https://github.com/ekong2/monitoring,ekong2,2015-08-10T05:31:09Z
40464766,https://github.com/yangheng/cordova-plugin-wechat,yangheng,2015-08-10T05:29:32Z